﻿TestCases,Tags,site,Files,Status,Stage
,,,,,
Launch the website and test Title image icon,,https://www.guru99.com/,,Done,
Check Presence of Images icon,,https://www.guru99.com/,,Done,
Check for Menu Bar and the elements inside menu bar,,,,Done,
Presence of List,,,,Done,
Check list headings are as required,,,,Done,
Mouse Hover action on menu,,,,Done,
Test Search Bar/Button,,,,Done,
Column List on the page,,,,Done,
img icons on the page - ONLY DISPLAYED,,,,Done,
Test Number of Columns and menu items,,,,Done,